youtube_id,label
-3T2VPGo2jI,11
-7Wz9S-ZZz4,-1
-a1f1ikmdd8,-1
-AZMzKjls-k,11
-bGVnGCy2yY,15
-BrNqmFy-6Y,-1
-CsBjy8T-II,15
-eOxQpTp5zM,2
-FhZ1JPZYl0,11
-fyfEc1C5Hc,2
-IdatujDsqA,9
-J8jfO0Fp6M,11
-JdfkIKg0w4,11
-Npm2udxeAE,11
-pBHLSZrn3k,1
-RCv-107T5w,11
-rhOaNjvwWo,-1
-rhOXmTJT1M,11
-sODNa60qVI,11
-W2Pcut-jEU,1
-WAMHNq45kY,11
-WKQMew6YXw,11
-XI64LgAgxM,11
-XzpQxfVypI,15
-Yn59LWpYdQ,6
-YNvdGOXdgY,2
05DsENOhRso,11
08JqXh8jCgk,-1
08rpQkUQbvw,2
0ABg9R9boM4,11
0BSttGHc6jw,3
0C8JJ81ZwEo,-1
0d5XD9WhEP0,-1
0DHdxqytNTo,15
0E8h0BPYOmE,2
0fXOvf4mEg8,6
0jVKCRryoHk,11
0K-djmb2Xvg,3
0KENbNB0le4,1
0KYmumDwiGU,11
0LkjnJcHEVM,9
0Mhw4V0v6iQ,1
0MQ90X9rKrE,2
0NB4gZoffNE,12
0nE03ePMHI8,3
0puIOKy4jTE,-1
0QEafK0vs4s,-1
0RZSizLlFO8,-1
0UgFrDWe4vQ,1
0uhHtEYtwM4,2
0WKCgLGuiAk,2
0y35qvIv7QI,-1
0ybdAFMWX3E,-1
0zhxmF-4sns,12
0zM4uNeGHCw,-1
124qYLNjhuc,-1
12PkVvvdm84,12
14Z2DC05cIg,2
14ZQYMvwD04,11
166LY2JlWd4,-1
178nlUMIuMg,-1
18REigE2N3g,11
1BDSqOVwlkE,-1
1dEccb97aiM,-1
1gtXjEJfHYY,11
1K1jd5c63VI,11
1mJbRuYjPDI,11
1n9hILzADKM,11
1nsFsSUYedQ,-1
1o3EA7zDER4,6
1oOHA06tqhs,6
1q6YZsK4je8,-1
1RPMJLJSAPI,-1
1TItOYu2ugM,-1
1tybdYSPNKs,11
1WHWA79aRko,-1
1ygXNkLpXHg,11
1zzbzbmpKVk,6
23FOiCkhsnE,6
27tui31Caks,11
298yI5LPEyE,-1
29aC3BYARac,11
2a4rHbCT26M,-1
2bS7Zu9FQA0,11
2C6-PvcrNe8,15
2Cp9SekzsuY,-1
2Db7dJd9WFc,-1
2DltR-EtwLI,12
2E7boIohUCQ,-1
2fcIpE0NxiY,6
2GVVfYCdnwA,-1
2iUpLcGzFmA,-1
2J-IF-nNw8s,11
2jHGUYVUfW0,11
2kdoPe4kg-s,3
2MjKCcjTktw,-1
2ND-6vncLVc,6
2oqA65F2ZWE,-1
2pIg3TM2dQ8,11
2pVS3jTMX-M,11
2rOpvQSPm9E,11
2sZPxUbzDXE,2
2t75Cc43IwY,-1
2t9DLmzt1IM,-1
2ujj8t98T0I,-1
2wbFkJ1dyuE,1
2z5Deg2fbNw,11
2Zr0VcQnQcs,-1
3199b62WPOY,2
36K0RLO8Hos,-1
36SaGOCeFio,15
374mozyGvo4,12
38KdiUtaHQc,-1
39L6nmDcKCU,2
3A10pmLRjHg,2
3AWJwEb4nfs,11
3cSTXpnzHvw,12
3dCwAX2KIgc,-1
3DFVl56I31o,-1
3FeBymcEex4,-1
3huVaz00zPQ,1
3ISacnoC4Z0,11
3iSsKJGRflc,12
3ix2qbRgLO4,-1
3j4qATfX0xw,-1
3jHZSHyqEiY,2
3kaNvFf9gQs,15
3LjuUPI4nTM,2
3nPyAG-RbJg,-1
3o0XYUO38YU,2
3OhmIirXi48,11
3OJaELmtCMk,15
3p2X7QL2wO0,-1
3qR3rg2lVwI,1
3qybi37A8VI,11
3TueJLIJyAA,11
3V-hi2VGfDk,-1
3VZnPZpU2QA,6
3wkPtqbqhYw,11
3WnGZEI3ZQw,2
3Wxvb5214oA,2
3XFsW3NilGk,6
3xSLmOR884U,6
3Y4-06HU62Y,-1
3z3ZFBlTOec,11
4-zRuTD8SwA,-1
49AWt9CMawo,1
4cjAR-ze2KU,2
4cT-he9iVeI,6
4eQyOk7oMPk,2
4FKde17nDBE,1
4Fq5o1ZNd8o,11
4HjEaqk6y4Y,11
4j3WoY5ApSI,2
4LgvgtW8aF8,12
4Lk3NrQSWlU,-1
4mQbPntWUZA,1
4ok6uCxo6NQ,2
4pfJ4GamApc,11
4Psld5kC4Q0,3
4PVuzPJdnis,-1
4qFqNiPJ828,11
4rkXq5uA01g,11
4SwftYGWEWg,1
4uKOaCz1Waw,2
4UlmrKifwqc,-1
4uvd5P38Ysg,-1
4XFNlK65z4M,-1
4XghbM5A4zQ,6
4yTLUOg-cfg,2
4yUh0ds3a9w,12
4YZDZn5CwGM,15
5-LGYQSwO68,-1
5-Q0k532xSA,11
52aZehtlab4,6
57LOKwYCMaU,9
59kT9Fjl0Fg,15
5B-u5PTUPck,11
5BLCLngn30c,12
5Czepujf2Fw,11
5dM6b1hXQvM,-1
5DyLif-rR5g,11
5ejwwY27IC0,11
5gi522WVqJc,11
5HfGynid66c,-1
5hmYVUkI5oQ,11
5JRfjom8ugw,-1
5kJjDQgHGS8,-1
5Lv0g7ISQVU,2
5mxZBU5mJeo,3
5pHbE-D6-dA,11
5s-esJYUWTA,-1
5sDNvA2csC0,1
5TaUptVo0Lw,12
5v5866cwMfU,-1
5Wp2dxIAocI,11
5Wxaag6MJd4,3
5YbWyeOy5SE,-1
5YOEBpXj2EM,2
60f2XDHd2GM,2
62HjZ1-LGDo,-1
64jJN8-cT9c,2
65n-tGFjzbI,6
66DqwrPKBEE,-1
6BhffSC5RPw,11
6BkiWVZUAQU,3
6cDV8KFeBPg,2
6DWQ8mz-HS0,11
6E8VqC-EM9I,2
6FRwFrnoPBo,-1
6gRQUYwWdhg,-1
6hrI0-Zku9I,11
6i1aG-QKEgc,-1
6Jgsma-3jPE,11
6jzjWVjILtk,-1
6kPnyQho3Ok,11
6LF6mr0Jsw0,1
6mCSN-uB4w8,3
6NssAegRUeM,15
6NZe3pY8X2k,9
6O9ePTSIchY,11
6OPYSB6CEtQ,2
6PiJSSPUMeQ,1
6QMv1g1-FR0,-1
6sdb4zZnurc,-1
6Uq424n7xDc,2
6wUAVS2teiM,3
6zaIv0FxewI,-1
7-2otHZ4wuk,-1
7-kRfNShWus,-1
71pIvG-AJ-c,12
72vAM2L477g,2
76luqDi0Zag,11
79XSnSPbZd0,2
7A7dcxuJGRE,15
7aoMSiH8iVA,-1
7ASLweimZFI,11
7CtuYX5zFHQ,-1
7D0Lf08EiHk,-1
7KW60DBl06I,15
7l17Cja4yC4,-1
7m5PbebjLYE,-1
7MM6UESyqN8,-1
7oP3X-5z00M,6
7P9hcCbZxuQ,-1
7pnE8AX-hmQ,11
7Sy2UurYUFY,12
7UUC3uaO4ko,-1
7YWrSwXh0QQ,11
7zMBk9Zu9fY,2
7ZyOXj5TNew,11
80j67KA3rFI,-1
80jHuXJXvyw,11
80lIl5p29Dk,-1
82Rcg3iX1FY,3
84CFJfVrbxo,9
86djtc6lDFc,6
86L7Lfce0h8,11
89bJky6dvD8,11
89D1a0uqGbw,-1
8AHoYEMbEVU,6
8DBqtnmHXOk,-1
8DHzreGBfPk,12
8DvSPAJhJto,6
8G9jKoxlRNE,6
8j7TT3WqN3Y,11
8jh1rUGH3Bo,12
8N9fLvAXoWQ,2
8nFxM29xbQ4,11
8oE2AJpIOYo,11
8P-6iY2cOI4,11
8QcFT468RuM,-1
8r6ZWe5BcVw,2
8wgyW5QKpHQ,-1
8wYBDwzjzz4,12
8XrpIAGTvrE,3
8y2aN9HsW1Y,3
8ZhYmKe7DYA,11
8ZikgHA4FF4,-1
8zU7Ov-uW1E,11
93bCfxFD79U,-1
95hAIlwyY78,11
98AaKRNzrRg,2
9a1aXDMReNw,-1
9a51BYrjVYM,3
9aAwR-wXBQU,11
9aroXH1KsKg,-1
9B6dw5QAgGo,2
9Cuxuo7D57g,-1
9dC8anfdz6A,-1
9ekbj-O6Mno,-1
9Gb-zye7lF0,15
9HnS1VNGYq8,11
9IzPRdrCZJc,2
9l5Ux6H5AFE,-1
9L72SQArZGc,-1
9lexUVoodXI,2
9LMDGPQ-K9M,-1
9nFZnrFaYKg,2
9o9lrFVw834,15
9oMTzgtPso0,1
9tBildM84d8,-1
9TJDt-ZtRBU,2
9uDd0fAgb08,-1
9uMNo3fIZ78,2
9uuvSn1-PE8,15
9uXcD4PQYeg,15
9Ysfp8z0bk0,9
9yTx4Wbvtm8,12
a-g0QQ3OLgc,2
a0AFauadY7o,11
A0GWEBGTmQc,9
a17YZC3pQPg,-1
a2nR0onBylU,11
A2VZyXx19Cg,9
a3zP1c854HU,1
A4JJPvmOkR4,11
A7WyrhHMpT8,-1
aarrTRAjJ6I,15
Aaz9-GrU-QE,11
AbuX3wGrlIA,9
abwEi8ma3u0,12
Acz2DpB0EeQ,-1
ae9D1u1Lxcw,15
afbYutBsSxw,3
afJdwOmQPrE,2
afwWeGvNIQ4,2
ag2wCXCGFTE,15
aG2xmP4M2Nw,2
ah9ZOIQQ998,2
aHTMBOMFwVs,-1
aiy9GWa8dQM,12
aJj0Drz-Yk0,1
aJM7b7T32L4,2
Ak3DfwloSjU,6
aKbUDTYY4Tw,-1
aKEzIlfJi-Q,2
aLi3qfhV9io,1
almHBscCXfU,-1
AlT9hcynIpc,-1
ALYO-F70Xto,11
AmNeyE6UuXs,1
amPNS9PoTdw,1
aMsPK6TmqUE,6
AnIyIu9XxpE,2
AoDTLSagIuc,11
ARkz8AWCMSo,11
aRm3QKasV2M,-1
aSvtZIXG848,15
atPzuGzJ8rs,11
atqEXEdCctM,2
AVmBcAYvWjo,-1
AWjX1Uj4KV8,11
AxEwrLRgLHE,11
aXPkdWU9LvM,6
aYfcnsz1bCQ,-1
ayNZLcWOcvg,-1
AYvCm0hYG6Y,11
azbTmhIq5Qk,6
AzPNxsXEZAI,11
b-J9MnOYixI,-1
b-NIXeDEIx8,-1
b044lRu1IcQ,11
b4DfEP37L60,-1
b9-9vfwjzak,-1
Ba4puMsRrIk,-1
BAxYwRadKBI,11
BBcytrIoZr4,-1
Bbik8tFYRnU,1
BBJComtTV7w,11
bFfNLImuguA,11
bg3fLzipN-8,1
BiLfn6uDuek,2
BIY4jeVIV9s,11
BkAKm3Un3Hw,-1
BkSiupb6iPQ,2
bKSqa77KmVg,11
BM2Mn9Xr2dY,-1
bmafzrlAA-I,-1
bMWKK1CrNNQ,-1
bnMDFelOmAE,-1
bO1MW9Lq9Sg,-1
bODBWoZbb-8,-1
bp4KGWY8ScU,-1
bPDZPIH43E8,-1
bQaeauVTQ-o,-1
bR1uFoLr6o8,12
brBtTlxKUJ0,15
BsRnsv9-n7g,-1
bTVNRmgHfoI,2
BVA1iRclWPc,-1
bvzQeEV6kwQ,-1
Bx-T7rrBQgI,-1
bx9Kv26UM5I,12
BY3Vdi5sUHk,-1
bYKBIzphcGY,12
byt7nsP3zoM,-1
bz7ekc7DLGU,-1
bZV5m2gOUR4,11
bZXpbzoifDY,-1
c-nNapseFgs,-1
C0-vQk1UgfE,2
C0fjccjmlUA,12
C0VrHUpbM7s,15
C5BP1ajD5co,6
c9dZeGZcCVE,-1
cB4WWMHQhbA,11
CBh5okWSMNk,12
cbXWdoyxGi8,-1
CcNUH60IqzU,-1
CCsorNkxaNI,9
cCZX-CXCSPM,3
CDcejc2OOyo,11
CdkFyAObg2k,11
CESMqFlQ8R8,3
cesRP7rVPJ8,12
cfd10vbjz6s,-1
cGhHPAyocR4,-1
CGi7rjiw4SQ,11
cHbPS9WEzls,11
CHizVYSkd3g,11
cId0bHuj92A,-1
Cilb3IKrdRE,-1
CIrujNq55Lg,11
cjKTSxO-Dc4,1
cki8U1it19c,-1
ckRxQpnR2ZE,-1
cLsuG9hJM3Q,12
CM2fR6-1Es8,3
cMrmXHwOgfY,-1
cmt98ij4F5A,11
cMYLkTxaeRc,11
CoErwthj850,2
CooCtPBRHc4,2
CoQRfs3c-S4,2
cPGpoZ4C3qc,-1
CQ36K36lsoA,6
cQ64QKPZPdQ,11
Cqfsp6kf3DQ,11
cQNA8lOryFc,2
cR3RgGswY8Y,-1
crfcu0-LXI8,11
cRifkjmQ-sc,3
cTqSfm5bsQM,2
cU12AHgjpSA,-1
cv6jYz5UbkA,-1
cvEujjTH7yg,1
cw-ojtL78-I,15
cwzseJRg7KY,2
cY8iKpWF4SM,2
cyhyZzv7eKI,15
cz524vXQl7c,6
cZIaq0tcrII,2
D-GLu-vwLJo,-1
D04S14kEiBE,6
D1AwWLFX2dw,15
d1ubwKHoBgA,12
d357jztobYU,3
D36Lo9b60eU,11
D3VLg36MsJs,-1
D56zy7PVmNg,11
d5WR-Ser3As,2
D5ziTLBm-Ds,6
D6QKof-sWxE,15
DcYUvDGDQUc,-1
DEH02yHerUU,-1
DeKq81wMSiM,-1
DFfUEbj8NRA,-1
DFJD0i5fESQ,-1
Dg5AHhLfibg,1
dGSSMlvko7Q,11
DH0tbfAXFAI,6
dIegqnfLbLo,-1
dipSTmBm9yk,-1
dJv61fmPHL4,11
dKbXSHRu7Rw,-1
DlvneEdjmMM,11
Dm4J7z95-bA,2
DN9jxrXscYU,-1
dO0MP1mQhu0,-1
doRZL-gfnVA,12
Dp2FCK9UkHE,2
dQJyqvockKU,12
dqVYCc5e-PI,1
drlrMEPDia8,11
Dsxvvgg9Woc,6
Duq8gJO-HJY,11
DV7Tl6LxzXM,11
DVGyHjbq4aM,11
dw9FUWmJJk8,3
DWlyTYpMPu8,3
DwPEZeX5WkA,-1
dwvHDwWfMig,15
dxguOEeQjEA,12
dyg7RNiLEdk,-1
dYoH89fevUI,6
dz2eMoSpWIo,2
dZGyDtQ3S1M,11
dZjDGVotpJo,1
dZNl88kVDws,12
Dzoe3N3HSJg,1
dzVgFqUtlyQ,-1
E-7oRdLUgH4,9
e-oEwSE52pc,-1
E1ax1brQG-4,6
E3XNnFaAJe4,2
E4yhch6-634,12
E6OwGySJA9E,11
E6qsWCsBjUk,-1
e98zss3P-Uw,11
e9WpiCjKnLk,6
EbIeE4-8PKw,2
ec0Z6zcXym4,-1
ecnNI6Jmi48,12
EdUFw47A0lk,12
ee0Siuxnw6U,-1
EEmux8iila8,11
Eg74BhkKE08,11
EgoPIaWpRp8,11
eIa0WpNi1qc,11
eiLqUll-4fQ,15
EIZib-kq6oM,3
EJ6PcqlcDYg,9
eKbask3AfPE,2
EkLF1X2LUQ0,11
EL1Z4iAO2Bw,11
ELOauWhS0Jo,3
eLWbMdGwQGg,2
EMI0OD8kuKs,-1
eo2QFniX4dg,-1
eoB8swFN8jw,2
eOGjgcpokCg,12
eOMSDtlNkRU,-1
EoOMzJkHX3M,-1
epiQKDnOtGs,-1
ePMptyICoSA,15
epnqHofT8MU,3
EPuqSs90NZ0,-1
Eq782N2U3Ak,-1
eQLb0SPkwNQ,11
EqLYhvIXtzw,-1
eqTGBOEVm0Y,2
ergJ5VFgSec,2
eSbQet2JWkc,12
ESvia6cj2Ag,15
ET5ZgDI4TOQ,15
eTA2EqE30KY,-1
EtRis3E6Lqc,-1
EtrVKpm-dqw,12
EUeUgSeATHk,6
eUxkpLaGjlQ,-1
Ev08RdZrOLk,12
evCMspFNu88,11
eVHIkaXjYjQ,11
EvIH5BvI54I,11
eWSBGHqR8WQ,2
eWtnK7-gcU8,11
EzXAge5oiak,-1
F-pI4qT9cPU,12
f0rWFvJ7uTk,2
F13auElofEo,11
F2tCYO6wLUQ,-1
F3voVXiYVM8,11
f3xWAEO1lvI,2
f4lI0A5RfKg,11
f7-bsNBElQQ,6
f8vTa83Jxw8,-1
fA3eQQl4qP8,2
fAqFT00TOTc,12
FawFBMekhYo,11
FB-06Eo5Rzw,3
fCogK40SVrk,9
Fcx-0qs1gBY,12
Fcy3XSBWKy4,11
FDjyD1mTrS4,-1
FdpvI4KRj6g,11
fDzun9daO4E,-1
FeEPLDGLUnc,-1
feHwcjc3XLs,11
ffx1Ndf-R20,2
FgHGhcu60BA,11
FHOjWagWqrY,11
Fi7sLoa3KTU,11
fIhzZYSQNHQ,-1
fiwwvVV4mPo,15
fJO5MQ78Li8,6
FjOTOmFKrpw,-1
FjP6QisjGGc,11
fkzPnR-Xi3U,2
FMzALX3gSpI,12
fn3hWtXRsgs,-1
fNO4eY4TV1M,3
fnydLFFACbc,3
fOaoL2QL41U,-1
FODDc40op38,15
FoZAp3Fui1o,12
fp9p3wzZq1U,-1
FpGiysTWYQE,15
FpNEIjRNI4Y,11
fpO72m5RH1E,11
FPp-FfmAip4,11
fpyLregJmSg,12
FqjWgc6fVJs,2
FQnuWSxclgk,11
frnApQnSxOw,3
frs-mG0elHE,11
fSM3tpsiVqI,-1
FtTxNnhSOnk,6
FUdsS-zQNAQ,-1
FUjnhcsLwAE,11
FVqvsZ9PhEo,9
fvv-G-v4bng,3
fwFlqWXaWGI,11
fwX3dfWjonw,-1
fXeiMH2DL4Y,11
FyAaMG-2tpg,1
FYqQ2yCfgo0,-1
FYUNe8Al-W4,-1
fzC1RSy2CBo,15
g1JdMyOcQyA,-1
g31yesfuu38,-1
G48WzPLG6VE,-1
g5J16uiQgP4,-1
G7WKmXHD9xs,-1
gAjKO1Dutok,-1
gbiD7VDz9oA,11
gbTcY7xlFoQ,2
GBVoMU1TtwM,-1
GEP-yElCvDk,11
GGb7qB6I9wo,2
GgqFXex8rmU,-1
GH2gI5FRPMs,3
ghDzHwQNAXo,-1
GhmY9zxJyeo,2
gHtidoznBw8,-1
gIWOk0yLmCY,-1
gjvlCBnaKEw,11
Glhu3HcEDyw,11
gLSF0p1Ejrg,11
gNQyjpfDBoA,15
GNTtNTIgWk8,11
Gnx2exDPeVk,2
go-1UI6YuDg,-1
gPHKLdxZnfo,11
GqfZ0VYWBH8,6
gQIWqdtSeMM,1
GqW2Vm4E6jM,11
grrw2O1OM4w,-1
gRXsDloQLn8,11
gS7lfTI0ZVU,-1
GT4USa442zo,-1
gvJCQSs9aCE,12
GvT8USPUy3M,-1
gVViLU6oYNw,6
GVYAWzM2WzE,2
gWEtrHOsV1s,-1
gwqcuUbL6s8,11
gXf-IonqjRw,2
GxNKJBX-icc,2
gXQlH8rNfAE,15
GzPfO1TmVL4,11
h-HiTXmWjk8,-1
h0cb3rnLcK8,3
h1DM-zgSetM,2
h6muYsNVvCQ,-1
H7qpVMBgNb8,9
H89kAotP76o,12
h8Hx352kQv4,1
H8oehT8eeGc,2
h9cisifRVZ4,12
haJwxtWFUGU,15
HB5ytItJ34M,-1
HbjSWDwJILs,-1
hBlOKmcBZos,11
hCQf7DVO-C4,-1
HdUD223mIdA,15
he2RYI5YIXI,6
hFfASfhWOgE,2
hgoE9SUoaSs,1
HHEzFz4WmIw,11
hHLvE4qp8dw,-1
HHSxme6Ch6E,-1
HlK1FpetbEM,-1
hokd5hcgTyY,2
HpD6ej16phc,6
hPIrq8D9G5Q,2
hPzxhK6EAbs,6
hQOWjQwwl6U,-1
hRxYxfw6Pxo,11
HS2zNE7CiM8,11
HT-WXXfjDos,-1
hu4SamVgZHc,11
huj771gDJ4g,11
hUKFDCawHco,11
hxYoVlUEmZA,11
hY5ls-io5FI,-1
HZ3OQL7ZYJg,-1
hZP4OICnrdw,-1
i1GS6SqtDI4,1
I1SiYRG1d3A,11
i2irisaHkNI,6
I3OKn-sCOEw,-1
i5SB-qVexgA,11
I7SNSnK9nks,2
i8EJnqGvAsM,11
IA9Mser8Qsk,-1
IBavKm9haxA,11
IBDd0q5QBdg,11
IBsKyrnmEA4,12
iccouLY9q2g,-1
iclURac9alQ,3
iCQdSyUgmw4,12
Id7ocRy0KYU,11
iDfsEGmt7WY,11
IdLfEeUmyOg,2
IeBNJ4AwqwE,11
iezHQgZjY7E,-1
iFToNHruQoM,1
ihhVjcJMkyk,-1
IivMJc4B6jM,12
IJcucYqGQFo,12
IjObQUMDyPE,11
iMcg7sk7ra4,1
iMk80ygGD1U,-1
ip5lXT8DtS0,11
Iq-h15jMB70,9
iQ5WOKjiXc0,12
iRsPRD1ezMg,11
iuMo6VQteTU,11
IwdcNQY7P7E,-1
IWDtYgDAhxI,2
IX9sPL5IRP8,-1
ixVsHqN2lpw,15
iYM8N9WMAZk,12
iz3QsQX7p1g,-1
J03k9nCxnZ0,2
J0LFvELkHyI,11
J1zAnv1nq2Y,1
j3hEa-4x-X0,-1
j6a4N2a964M,11
J6onENPYNAY,-1
j6vCXXaD4HA,2
j8bJRzhddso,6
j9d7pFjTYd8,2
jafYqb1kAUw,-1
JAFYzYY1Ons,-1
JaVpt9qLIJ0,-1
JcBH9SNoTFA,-1
Jfd0QyAkvHo,2
JFhh0pA4gIc,1
jFt8BE5TUfc,11
jfz8YyHb1x4,-1
JGhiM4X8waA,3
jHEKrLrdAf4,15
JJdPVj3Gvx4,6
JJJEll56U0Y,3
JJOpc7lUxTU,-1
JKc5vFYxUd0,1
jKEwX44W9rM,11
jo6pVL48lZ4,11
JOAKjYyi7Pg,-1
JOPaHii2NLE,11
jou7HEb9Hv0,2
JOXUTh0sy0M,-1
jpWG2vBZZTo,11
jQ8w9PtgZNI,11
JQitCfvl3uE,-1
JqJRXfV13Ro,11
JQz9ci9Eqgo,11
jR8g2dVNiw4,11
jRQeoeEzvaA,-1
JRTp6FTgsPE,12
jRxKleSYAoA,-1
jUhF4QWDY5Y,2
JvLjMT21Pyc,11
JvnflLGG4-g,9
jVqFIlmyM9U,12
JwGdGM-JGaM,11
K1Kf82hOBDE,12
k1SWGdeOo9I,2
k1ulumxYBOk,15
k2Mo-KAiPts,-1
K2XND9RTlGQ,-1
K6oVoGChyjo,-1
k7WDb3RQKS0,12
k9yfsoSEBOk,15
kAAisBxwF18,-1
KaoFGg3JiSo,1
KbAQQ3OKVHc,2
kBaZVXKFo3E,-1
KBDSxjDqd9M,2
kCa1LGkVAnU,12
Kct2NjXvUDg,2
kCywiplr3hk,12
kd6KPx-qhuU,11
KEFnxiRPBSg,11
KF8q4Ae73Ac,-1
kfWzldCx3KM,11
KfzVxgHEyzI,2
kgkcLpc7VH0,-1
kHehMKMzHsw,3
KhibBX51xo4,-1
KhOgRJb6SPA,12
Ki7ixKUDaCM,11
KIaK6hKuYGI,-1
Kj4v1bS6Ay4,-1
KJ7hY0cd8eQ,12
kjOUDjR9wko,1
kk2scSk-D2w,-1
kKOTKwf4DHw,11
KKpZrKhoXOc,1
kKsOLjuycvo,-1
kl0ekzaE3qs,-1
KMecISsizMM,3
KMgvnaaMLR4,-1
KmRaGB9U2QI,-1
KQAvZSe-KC4,-1
KQdLu2Rr1uM,2
kqr3fIEtZhA,-1
Kqvk0HJK9Co,-1
ks79p33C05o,-1
ktr3mE0r8Hk,-1
KuFHH0Jxhzc,11
kVkWO26McxQ,3
kVxw6wkWkSg,-1
kW4HVLlo-z8,12
Kx4ckrZfVkQ,11
kXDoTWkGwd8,11
KXGXkrtTtG4,-1
KXm2vSwEEtA,2
kYm7tnOPtB0,11
kz4Z10bgRUw,-1
KzlDacbCzJI,6
KzZJBNxbsAM,11
l-9NoZFdX6c,11
L0eu2G-jg18,-1
l0TG2PxqXjY,1
L0WFeydBxfw,11
l1mLZRfVO2g,2
L5goUV2xbeU,-1
L7FbwQYB2pc,15
L7LrtQ0io5Y,12
L8f3XXPSyEw,11
lAWUESPa7uY,-1
lCCg4pSZKaM,11
LD5rqnd-9bw,11
ldSML6q0QM8,-1
lDzW8pxXK4c,-1
ledkcLtlfOs,-1
lI3qMX68rHI,6
LIXzKy577Vg,2
lJ-G2St2LUk,-1
ljgYpbCsH4w,-1
LjkIks-cBe0,-1
ljXxv5IvJxU,-1
lK45LRO8wN8,11
lkAgU4ZAYZI,6
LkDjdmESf34,9
ll5HZbecdG4,-1
lmAo--7cBd8,-1
LMMgQXzThxY,1
lmrxiUVgBus,2
lMtCSbOgIGA,-1
LnjTiUQ4LYA,1
LnvFUITuV1Y,6
LOERfEaMfKE,11
LojdQuaMqDo,-1
lox02dN7i-w,3
LQKtZtcdkXk,12
lQL-iBS-KT0,11
lqoXN1p6nyY,11
LrTnPMdtA1o,11
LShdbSrPLA4,-1
lSjgugPzEig,-1
lt--z8nFIT0,2
lUIPKtPu6RY,11
LuSiyakUP5E,-1
LUsx9ElLHXY,-1
LvPpvE-gJjM,15
lWOBTRin5Tc,3
lwqjdAlasm4,15
lWXC-Pbp1Kw,11
lX8vvSFXEg8,3
LxizvTYS8cE,-1
lYwg5DUOwEU,-1
lzuGoez0hbM,11
m--B4hOqlQc,-1
M-kLBkoDydc,11
M0nOP0OGmAc,12
M2T-s-vsuaI,-1
m2T9oEKLER4,-1
m36BMufVC1U,-1
m3S78Oq7OXg,11
M48tN63k8mo,-1
M49puCl38Bc,-1
m4OEqGZ97Mw,11
M5pPHLBH4RA,12
M7Hqi6Y7UNM,11
mbUD0dUpg6w,-1
MBuHG7cxJ08,-1
Mck5QX2NHSM,-1
Mcq4keUz6Rw,2
MCzy2DfhP5E,9
MDNp7G7W4Rc,2
ME3QDc69Ea4,-1
MekQTM5dPh8,3
mfGxHn-j8Fg,12
mGK76vwXbho,-1
mGP-3nf0biU,-1
MgRU12wHgcs,12
MH7UCR2RNh8,-1
Mhs77NGmZW8,2
MHSbsPrHEuI,11
MHUowHQ3HBA,-1
MiObptVDci4,9
mjG0SAL1Y60,15
mJYfgX5x8MI,15
MJYMWfpsqHQ,11
mk3bJh4h348,11
Mkc4QS7gr94,-1
mkoSd5SQ2RI,12
MN0IT8n68SM,15
MNhecK8WV-w,-1
MNljTAwx-es,11
MNvcKmiUxCc,2
Mo4Nn99MGQc,9
Moj4HGYoozM,11
mPD2WAZcUaU,11
mpFAMP2Fx-Y,15
mPqtT5uIOEI,11
mRPbDUa6gJM,9
mrpIn41FkbM,2
MUN0iw40Gtc,-1
MvZfGebcfSE,15
mybPRZJm42g,-1
MYZfKmnlRBk,12
mZunpUG8FxU,-1
N-EATJoYnuU,2
N-vcLrIxzJ0,2
N0X89LUf7ig,-1
n5E7nTD5Jrw,11
N7tWFEosjvA,2
na2LfMlw6iM,-1
NAm5m2G5QsE,-1
nankC6iarGY,9
Nbkzh-7UxNA,11
ncBNw7SjXR0,2
ner4eN63q5w,-1
nEyJqYABo7E,-1
nFBtafRWENw,2
nfFSa-2TRlk,-1
NFMW1KBTzOA,-1
nfMwCY1ZP3M,-1
NFPNAOZKjKo,11
NGh8-rsd8cY,12
NGMFQ9P10vI,-1
nhJu5HUMa84,11
nHtQ6aJOMF8,11
Ni6DqC0ms7k,-1
NIWZQV88NWY,11
nJgyH8RGEAU,-1
nJSvam29ZMk,-1
Nl4O1NwET6k,-1
Nl6Kx432ZCI,6
NlBgPuxvo9I,-1
nLc5V4tpxMI,-1
nlitqDM40BE,12
NN70bZBeWRY,11
NNX7H2nXmVo,12
No5Ir1SpkGE,12
nOcy2l2nZAw,11
noqifI1uLAg,2
nOtIl0H5h4c,-1
noTmj22nfxE,11
Np1DkRF0zv8,6
Np1TeSZDyQM,15
NPjy5kjBaP4,15
nPl4lW2IwyQ,-1
nQh5-2XwnHU,2
nRD-rf433-E,1
Ns05UeM7xZs,12
nS1FyEmPG98,-1
nsgWjnYKOVs,11
nsJUBJhqo14,11
nSwulLu-z0s,3
nT0-19Vcjx4,2
nTxE1TNJMyI,2
nvyR4DsTa3I,15
nw2O0bWuKsc,12
nWqMQ26Gqi4,11
nWYQYQLzYiM,-1
NwYrAs4yTfo,12
nYe9wa5k2vc,6
NyNuB328oi0,2
NzozXaTVDd8,11
NzqqmXSh3zc,2
nzTIvZzkcAM,1
o1A0saPNMew,1
o3SApq6PKpI,-1
O4-xvjKrLqk,12
o46w6UV4BGs,11
O68vdV6fNu4,11
o6t5arKcJXI,1
o7xl2OrL3HA,11
oARBhuthFYY,-1
OAuJgfOReuw,-1
oaVWnxlQOeo,15
OBDel8aCCfo,11
oBkmmId0Wrs,-1
OD-OYHFvhS4,15
oesSMKWz8CY,-1
oFsGwMXDCqo,3
oG-lv1npw3k,-1
oGbgDTKQ-84,9
ohLm1Ibpw1g,-1
oHskg6ldq5Q,12
OieGV1sEl4c,6
OlQGqa711SU,12
om5DH9Mzneg,11
omEdIp3xpSM,15
OnNGIJfNGKQ,2
OO4FmAgU2IU,-1
OOfIkJuktyo,12
op-EqjKdva8,2
oP748sVJtrY,11
oR2wmjMARiA,-1
oReAwqjy23A,-1
ORZelTT2Gxg,6
oSwVhi8dN7E,11
OtjIXJjhU7U,-1
OtmCdcxBtuc,11
oTXzTl3Xy4Q,11
OuBDrfEctBo,6
Ov19HUvMoEU,3
OVAKA1zQr28,11
ow3Z9d6V0xU,2
oWDCZUlfq0Y,-1
oxFDNlQMmA0,2
OYfyNMLZuAA,-1
OYQJCefhTrI,15
P-FK2B60ZC8,3
P-n9OtIe500,-1
P16dHGCx5z0,-1
p3-vvjnDmpI,12
p4mB5X2hbZ0,-1
p4PYGLxyczU,12
p4V2oiuz-u0,2
P4XScvH4STo,2
p5VpDzpODvY,11
p6Sxd0JyxpE,-1
p7D7rKGePGc,11
p8jWy-nGe88,11
p8np1PJx6XA,-1
p9HRoE53OqY,15
P9nWpV2Zaps,11
P9xr7ejGVfA,2
pamnXs8peto,2
pDSHWcmZ-OY,-1
pffkRc4pEFM,-1
PfgvSMOSpsY,-1
PGANQ3dAtpc,-1
PGdJGgsGnSY,-1
PhiGD0Ka2BE,11
piGqcGPmlQc,11
PiUInDYy7Qo,12
pIY2TTAXJyM,-1
pIY8jciYQM4,2
PlhqdrUOQqw,2
pls9esA0CYM,11
PLTQmDuuqKs,11
PmgeAASMJlM,6
PMP-4vaOpVw,2
pNlHJ08UMpo,-1
PNSM4AvlR5E,-1
POcA7Fe3hN0,12
POrewC8LsUE,11
PpneY68Mdck,1
PqQkMAXP3rM,6
PS5AEGO34AE,1
PSEgR2yQGGc,-1
pSH3kshvVuY,2
PsnvARQH5qY,-1
Pt7Z7alDcZg,3
pUCw8ijv6lg,11
PuOwRDyB-CM,-1
PVI51H4KngU,11
PVVS0VijwDs,-1
pVxtbbk8FRI,2
px96X4DJBFg,-1
PXWLk5rHLvo,2
pyQS8OshKQU,11
PYRbhRY3uGg,12
pzH-jgGdy6U,15
pzhkPfZwk20,2
pzjijL-6-eM,-1
Q0WrDFC4jf4,6
Q4npi3QP-Vo,11
q4SuPHdq8k8,12
q53XkTF1KI0,11
q5qLgmziMEM,11
Q5Uybu3lTIM,-1
q6KraglaOJw,6
q6tAFY3uAio,-1
q7eTx7pQF4k,6
Q80xWVor2jw,-1
Q8DrKOQbK4E,-1
q8mQ2w8WzBE,6
qAkN4WXmego,2
QAyuvamYp6Y,6
QBHy7k6bjlM,11
QbqnekDofUM,15
QbSewx89mGw,15
qbUbbd213jo,11
Qct2j0vfc3g,2
Qd5jxODjQTw,1
qDdzd2waoBo,11
qdk3-sgpvQE,2
Qdqf9TjKuvA,12
Qdyu0W3OXV4,-1
QDyVhgr9xTA,11
qeA9Z76deDo,12
qf5tCohCW8A,3
QfeWaU7loP4,15
QGeaoFNBiDI,15
qGV4P1aRMT4,2
Qgvv1aMiqU4,-1
QgXvwfYr02o,9
QI4VqnxBOVo,11
QiF0KK29wIg,3
qJ7uhyJ2478,-1
Qjfi8fNcKI4,2
QJRT-83bqUQ,15
QjvNH7qVNDU,12
QKtKRgDqdPA,11
qm9mjH253Xk,11
qMJi2nXWOkg,2
qMScDz2a414,12
QNj12BcuEm4,12
QO2oL2dQSgg,-1
qOKLZul-ePg,3
qORjRgxIjy4,-1
Qpeckr2l7Ws,2
QphhqnLVK-w,11
qqvE3DBurwc,11
qr7v725ljG8,1
QREptMMLpQw,2
qRgxEZ91UMQ,-1
qrkrvdduHNQ,-1
qtANuTon93Y,-1
QtKuRVkQkP0,-1
QtLMxZhx4QE,11
QUPDQhyYje4,-1
qvhtW7bDk2M,-1
qviYVr76bVI,12
QVR0LpeC4Fo,-1
QVUDdgnHeiE,-1
QW4eIKLLxTI,-1
QX0ZanwP0zE,11
QXmVPsAHPJA,11
QxuB45a3WRE,11
qXvm2bjHLlg,-1
Qy2SRM46mXk,-1
QYd-K1IrNuo,1
QZaXqrZw6go,2
QZBtLasZT4g,2
R-4gU73LGvQ,2
r2GsmZ6qZpQ,11
R3J5hDL4xfk,-1
R42bR01dWa0,2
r5blfRKAFss,3
R8bQq3Ave-4,11
RAxgq681430,-1
Rb3Rg7SgOgM,11
rbTIAPzFJRU,6
rBwPqpJYLx0,-1
rCBLJ80-rsw,11
RckBYZ59Om0,11
rcqMygT5ceE,-1
rDNe45yYxzk,2
rDPSUKkJUz8,-1
rdtCwFO3oTE,-1
reEUuz2g4sM,-1
rERhozIEVw8,-1
rF8u3vQxI8U,3
rFEPHGwno-4,-1
RFfWfdxCaoY,3
RFlNVZzhigw,11
rFPCdh2PtFQ,15
RfRATmyh9Q4,2
rGcMbn-3xZY,11
rGwBlGoop2g,11
RJ2M6gKARNI,-1
rJzAuLaLOIM,3
RlFiqmHOcmU,3
RLJn-142-Xk,1
RnHg1U2zYnc,1
RnoEUxCAsgI,11
rNXlLVuSlMA,2
rogLVWc2wm4,-1
Rpd-qPK9iJo,12
rPf62NcT0TY,2
rq489eBTh7w,12
rrsPGLKXeX8,2
Rt1XhPT-XQ4,2
RtlAFhyX4CM,11
RUAdSIVneDw,-1
rUnvv-dF7q8,-1
ruRWdXP4wk8,2
ruW-kuAyJ7Q,9
rwYzkfDMDnY,15
rXoW3GwB9cw,1
RXUg7LbQJn0,-1
ryjQlDq4-fk,-1
RYk0UHpagVY,1
rz-G54JXF90,-1
rzODtHwS7lE,11
rZTC7PtVzzA,12
S0ht4x3eK1w,-1
s0Jkp8d8sBc,9
S1B-aAW6r0I,-1
S3anIG3MJtM,-1
s4EorcmqVMc,11
s4V6ARK75sU,6
S7PtL6E9Odw,-1
SBWp7urOSRk,11
sByQ8wdVTos,9
SBYZfMK-R2s,2
sc8312t4us0,-1
SCsGPpLEQsA,11
SDRoPXobtuk,11
se3ihwZ56Uw,-1
sE6J0mSnpdk,-1
SerkEOlFsy8,3
sF5mzN7EYs8,2
sGUmJBjfrSw,-1
SH34cfkrX8I,6
sHdo59Z78fs,11
shVkMnLxR8g,-1
SI7Gv008HzY,11
sIQK-zKDe8E,6
SlpSgxENsy8,-1
sMX2cRfYAZ0,11
sN-DOOoGIvo,2
Sn2s-NfEVXY,-1
SNlK6PVbJ0o,-1
SoEmYvJw4xM,11
SqlQ6Empyjs,-1
sRIDObYoblE,9
SRPOAHXNTLU,1
SSJAZsQSaws,12
STt6dPjQw7c,12
sUfYGGjb0Dc,2
SukN7WitLZU,15
SuWfVESUKUM,3
sVwhUPf-JYc,-1
svxaMbUi5Fw,-1
SvxkR-a4iis,-1
swonWu1h7Y8,2
sx0RYZr2Wv8,-1
SXNxE3-YRKI,2
t-I-xDDpeP8,11
t0hAxVBlLoA,1
T260mGpylSI,-1
T3F9HKFod18,2
T3YFrFdHFUc,-1
t4tE-DWCWs4,-1
T56pkhErr1s,9
T8EzMomqTnQ,-1
T93pHt5k8Hk,-1
TAM6nd1DKd0,2
TARJ96Qvlxo,11
tbgZ5fwucz0,-1
tbjs3aWHTfI,2
tbkKzDqJUj0,-1
tclNXDuRKnQ,11
td2eW4WejG4,-1
Td7Jmwtaxzo,2
TdBpD9Ccg9w,-1
tdgXbb7Cuds,-1
TDzzV8Mds8M,3
Tf-icqbAHZQ,6
tf0DgadF4t0,11
Tf7SkmozWcE,-1
tfcjf4J6SEY,-1
tFwA5un2e9A,6
TfxNQ0GuzaA,1
Tg1CoPWWr24,-1
TG4mj4scbb0,3
tGaupcFDL74,-1
tgBQPxTbYFg,15
tgYH-wM8Z34,2
ThvITFH2d5M,2
ThzGVv5OYYI,2
TIjSt4C2GBs,2
tITY5zfwbLI,-1
TJNvukexlms,-1
TKK27suXIEU,12
tKXvBVpPJh8,2
tLFTDxAYYCY,12
tMeXucOIzJ4,11
tmf5XNfyppo,2
tMX68AzESS4,2
tOyDVsyaxbM,-1
tpz6iD7dZ0g,1
tqG-4yxLXfo,2
Trp6lDMMYTY,3
tRrUcJ1nKWs,11
TRZaXlSQjgA,9
Tu2ZBS4blng,11
TuGPfe-H-G4,11
TuMsrgJMn90,15
TuNBnb6OiqQ,2
tUs9afEWWBM,11
tVAOwrkPxBM,1
twA02SrLvz8,11
tYiU35jRz3E,-1
tylIubKlOic,3
U-jUJwmLEu8,-1
u-RPLMo8-is,11
u0aTfQTZS4Q,11
U0SxSqywTZs,-1
u28KRAtE0-c,12
U2VysJmqOYw,11
U4T7zVNeswc,-1
U54DfS6lQLI,12
UA5v1uZjm-g,11
ubnKmEPzhS8,-1
UC55-Xpj4MQ,12
UchgN-WwHEU,2
ucoWfvXfyAI,-1
ud8jOg0zzcI,11
uEKQtD2VACY,-1
uF1cbiFTSUs,11
UFTzyQhx1eg,12
uH-YcsWMmLc,3
uh9NvdpYkQc,2
UHPjan6pNxA,-1
Ui0fy1S0JqA,-1
ui9RGp-DbQE,2
uie3uY-y5IM,12
uIxxIDfUawE,2
UjmwzO5BxT0,2
UK2LXbrEg00,6
uL-LQMiiJ30,2
ULgl9F4Bb5I,12
uME6USnBPE4,-1
UmgYBTEi4Ew,6
uooe0z55QsM,11
uoyVSFKIKr0,11
upa9PQmviqY,-1
uPgPrSLNyPs,-1
uPk43qvZIOs,-1
uRCePRtpsWs,9
uRRY2QHdaGw,11
URzytLugoVw,2
uu5JfcJQx4c,2
uunjC8dKlpc,-1
uvnLj2EukJY,3
uVPokxk5uMo,-1
UwLH9D2Fzs0,2
ux6q2h1woEQ,11
uXpYHJlTvCo,12
uYBC0Q0Go30,11
uyU9Oqh5f0I,15
UZc3svA3KDM,2
V-9iFZp6PlA,11
v-Eibi7BAEw,11
v11Cgvnrh7g,3
v1WAWCXRU6g,2
V53l92RSVx0,11
V65W3QAG4dc,-1
V6t5pZEvqsY,11
v74ht8uLWRs,12
V74ZMUzYrno,11
V887u2HA3zs,11
V98LFZzMIgY,2
VaKlAXlcQUM,3
VBbIBYg6Sls,1
vbeMNFw25V8,9
vbpT4fA3P6o,-1
VbYr0tWZn4k,12
vcDfGvYSJ08,-1
vCg3RYcdd18,11
vCSQB-aGDRU,2
vdg5pcaNVY4,11
vDl6JSoxo9E,1
vFpRtq8tbxc,6
VfWUtHMlZf8,-1
VG5PW88VlzA,11
Vh63juTE8Qs,2
VH8cZfKoKQk,12
vhtxvOsWoLM,11
Vj7CyDLR2ZA,2
vJy3wBoOrY4,2
VL7HapaPw84,12
vlhBB2LIxUo,-1
vlWmkYNUsuw,11
vnchHGdWJGY,12
VnovSmlbTTk,12
Vo4jQ4rafmk,-1
vOhRdXC5IBc,-1
vp5iRqEPbgM,-1
vPbHGo3cq-c,-1
vpO52ziiB5c,2
vpPOiNkZu0o,12
vR7jkTRApuA,-1
VRBOk9tdRs4,2
VRfJD4B9hgc,2
vrj5t0CIKV4,-1
VRSvF8vTCys,12
VScAXl37ZSQ,2
VsfyD2cQ5Dw,9
VSImp4uF3WU,11
Vt44Dtj-rAE,12
vtKqUMukX1w,-1
VTzMiEnhYqI,15
vWJtXpvapSw,-1
vWmP9Cs6lbY,11
VWqNsvZaE0M,-1
vXrkeFGpUlM,-1
vYAkZCcourM,11
vzEiNulmkXU,-1
W-2Ohisa0eI,15
W0zMzvG7tc4,2
W1TVuA6v0xI,11
w3DYRjMGF70,12
W5ZRsgwi9ec,12
w6B5RkHmIvw,2
w6gzU8YyQDg,-1
w8eLad3z-Mo,12
waONw0BDSek,3
wBizISf2Kq4,11
WCCkmuFrSQ0,11
wDLjcTTei6k,12
WDMMKMqa6Yg,3
WeMS3J4oe1g,-1
wF2wVuXkdT4,-1
wFBxwjHJ4tE,11
WfJ8v2IEWzY,2
WFY7v7QcuYg,-1
wgf0tZF33Ks,12
wgKDmfzYxbY,11
wHVoxfmf9rA,15
wIX7Y--cc7k,-1
WkpcynCpJvs,11
Wl6JeIEhg7Q,11
wlwtsE3xfOI,2
wlxKVsJ-Pks,2
WOAS8pCpAyk,-1
wp-IZPJrebE,-1
WPjCctDZPUY,12
wPTJp27hUv0,12
wqrMgWi5T28,2
WRdknDD8cpk,6
WrsfqLnZmS0,1
wsmHMJxt1u0,-1
WtSwFKNaXkA,9
wU1BxK7zWIg,11
wUg9S2xx850,2
wUk00Zi6F3o,-1
wWaCP9w8x7o,11
wwZ50ufItt0,-1
wyqRyVPewM0,3
WZLUmE-H-l4,6
x03GlOJVW6E,-1
X05nyBKRYE8,11
x2iLzWjj38A,-1
X2QDmviGylE,-1
X3EvlFzyI-0,-1
x3PG-xpnAP0,12
x7lq-YGBduk,2
X8HsA27bUiI,9
XACM6bU82Qg,15
xAob-oLU4HU,-1
XcBijcKzi7M,11
XcJk0yuFALQ,-1
xCnYqG68vtA,-1
xcwsQXilwvM,2
xdN4FpM3jXo,2
XDncg9nRU7M,-1
xdok0bJkYEI,1
XDSdUzdIFmA,2
xECeOQqbsnE,9
XFFYSAvMveM,-1
XG6LbYMcvE0,-1
xGdyoMlJdXs,-1
XgMexRJhmkQ,11
xGNfCHisLOE,-1
XHZCXd6a2hA,11
xI0tT0dY95E,12
XIJIFi0VS3g,9
xiju-nbuM-Q,12
XiLD8LWcfk8,-1
xK3dEIDufRU,11
XkM1pbKWqAs,1
xleZZevNyAM,2
xlq7X5RCAw4,12
xLRUuV1z3QA,15
xM0OVWWYYik,-1
XMqKIGEkbjo,-1
XnaMnmu5mnw,11
xnApM3GBqSo,2
XNgJwT4VOuM,12
xNhA51sUnvI,11
xNmEZ7buEFU,11
xp5YwCJyCjU,-1
XPGtwnj7A80,-1
XPZnmaSYTMo,2
xQWzywuG7hM,11
XSam-cJKgY4,11
xsdrqauYhJs,11
xTGJM4Qn8os,11
Xtsmi08j9tE,15
XTwhxNdouZ8,11
XV87hAhND1Y,3
XvfFQn44bhA,-1
xvpD7pYrOOE,6
XvuS1l6lQvc,11
XwR141DQ0bI,6
XXu96Wj9zZQ,11
xY4RPeU0ON8,-1
XYICvgEKy7M,3
XZ42g8AL-5o,9
XzDoX1dKjC8,6
xZnOYhii3nM,11
XZUK6kRtzI4,6
xZVS8Bobgr4,11
xzyHMKknho0,12
Y-nGo800tgw,3
y-pE8hG8UAQ,1
y0Kznw6GPqQ,2
Y1kgh7cPUgY,2
y1kLiwNBDJg,-1
y35tHqjM22c,15
y5-C4t1fRd4,12
y96aV0n5D18,6
YaegOw8i5Tw,11
yaMZvpaTqJE,15
yAUQBnbyT4Q,-1
yayc48lTaHI,11
YBqSlyHFadc,11
yC-oM0uY1JY,-1
yCjFAoDms-8,12
Ycq9lpF0Dss,6
yDc5z3agRlE,11
YFfQPTrcmkI,12
yfZ7uCJGtTY,-1
ygI5w-4r-6g,-1
YHpDrZeWqHk,3
yHYpKR8hp9U,12
yIAqaO8Fhmo,15
YigLesBBxNE,2
yJLskAcJxl0,-1
YK8Z27S7UAI,-1
YLWtilVsugQ,-1
YMX3um2jZ2U,12
YN9k5uauF2o,12
ynyjo4mab6g,-1
YoBbFCqLVxs,-1
YP7r7hp7zB0,-1
yPMYroRg5W0,11
yqwzODrkOHQ,-1
yRXqPz5csPY,11
YrxSy19cVOw,2
YsFXpGwKRKk,2
ySynm7L16pQ,1
YtWrmMYVdTE,11
Yughvd0RsAI,-1
YUkBAIDkeV0,-1
Yv-lDbOdTB4,-1
YVvMHUW2T3c,-1
YwJUQCZQFGY,-1
ywLm7JIrPyM,11
ywQO26yfZ0Q,-1
yxA7kt86vM0,6
yXsZusPIO2I,11
yxZjBsiib2c,-1
z0EwSmWQXqo,12
Z0eWuVFxTy8,-1
z0K98flwodM,-1
z1rg6HmeDqE,2
Z7vQ-gHzUPk,-1
Z80HYfIqdyA,11
Z8US9cm5oD0,-1
Z9guj-A3gc0,2
Z9Jr7DKqWmg,12
z9T6v3e1wQQ,11
Z9xhd0ZbABo,-1
zA-MmZShXSM,-1
ZAjFgfCpo7k,11
ZARCwiX-A0Y,-1
ZASTYtekaoU,6
zbeSiXpw5cY,9
zBVipkKmjx8,11
Zck4p8XC3pI,-1
zcZkPBFKQbQ,15
zd6VMzGoYqI,11
zdG3JgdTb8E,-1
ZefqWVah4rs,-1
zFUHifh-CWg,-1
zh4YCEJ3Rm8,11
zHupv-ZNi0Y,-1
Zkev9ai3Z8w,2
zKUW8kqULIc,-1
Zl-OP6S8vqo,11
zLkvlzypftY,-1
ZlzAE-trpSc,11
zMdAi3xo7Us,12
ZmNQ6kMVb-g,-1
ZNCshQB3RXw,6
ZnhwGWRYFeQ,-1
Zo5D4Jfk93Q,11
ZOebj7XisR8,1
ZOgcHpabePw,6
ZOZslTEUt7M,-1
Zp50MIdD21c,-1
zPZvn1B3lXs,2
zrl4ykZVdsY,12
zrrqDli62kE,11
zSqb6Gyqkq4,11
ZTTEkAxEnUs,12
Ztyij17ill0,11
zujZagp-4jQ,-1
ZuvChCAjbak,-1
ZxpwgIZg4lI,-1
zz1YMml9Z6k,-1
